x-axis,1
second,Volt
-2.000000000000e+001, 3.69347e-001
-1.998750000000e+001, 3.59297e-001
-1.997500000000e+001, 3.59297e-001
-1.996250000000e+001, 3.59297e-001
-1.995000000000e+001, 3.69347e-001
-1.993750000000e+001, 3.69347e-001
-1.992500000000e+001, 3.59297e-001
-1.991250000000e+001, 3.59297e-001
-1.990000000000e+001, 3.69347e-001
-1.988750000000e+001, 3.59297e-001
-1.987500000000e+001, 3.69347e-001
-1.986250000000e+001, 3.59297e-001
-1.985000000000e+001, 3.59297e-001
-1.983750000000e+001, 3.59297e-001
-1.982500000000e+001, 3.59297e-001
-1.981250000000e+001, 3.59297e-001
-1.980000000000e+001, 3.59297e-001
-1.978750000000e+001, 3.59297e-001
-1.977500000000e+001, 3.59297e-001
-1.976250000000e+001, 3.69347e-001
-1.975000000000e+001, 3.69347e-001
-1.973750000000e+001, 3.79397e-001
-1.972500000000e+001, 3.69347e-001
-1.971250000000e+001, 3.69347e-001
-1.970000000000e+001, 3.59297e-001
-1.968750000000e+001, 3.59297e-001
-1.967500000000e+001, 3.69347e-001
-1.966250000000e+001, 3.69347e-001
-1.965000000000e+001, 3.79397e-001
-1.963750000000e+001, 3.69347e-001
-1.962500000000e+001, 3.79397e-001
-1.961250000000e+001, 3.99497e-001
-1.960000000000e+001, 3.99497e-001
-1.958750000000e+001, 3.99497e-001
-1.957500000000e+001, 4.19598e-001
-1.956250000000e+001, 4.19598e-001
-1.955000000000e+001, 4.39698e-001
-1.953750000000e+001, 4.39698e-001
-1.952500000000e+001, 4.49749e-001
-1.951250000000e+001, 4.49749e-001
-1.950000000000e+001, 4.59799e-001
-1.948750000000e+001, 4.69849e-001
-1.947500000000e+001, 4.79899e-001
-1.946250000000e+001, 4.89950e-001
-1.945000000000e+001, 4.79899e-001
-1.943750000000e+001, 5.00000e-001
-1.942500000000e+001, 5.10050e-001
-1.941250000000e+001, 5.10050e-001
-1.940000000000e+001, 5.10050e-001
-1.938750000000e+001, 5.20100e-001
-1.937500000000e+001, 5.30151e-001
-1.936250000000e+001, 5.40201e-001
-1.935000000000e+001, 5.40201e-001
-1.933750000000e+001, 5.50251e-001
-1.932500000000e+001, 5.50251e-001
-1.931250000000e+001, 5.70352e-001
-1.930000000000e+001, 5.60301e-001
-1.928750000000e+001, 5.70352e-001
-1.927500000000e+001, 6.10553e-001
-1.926250000000e+001, 6.00502e-001
-1.925000000000e+001, 6.00502e-001
-1.923750000000e+001, 6.00502e-001
-1.922500000000e+001, 6.00502e-001
-1.921250000000e+001, 6.20603e-001
-1.920000000000e+001, 6.20603e-001
-1.918750000000e+001, 6.30653e-001
-1.917500000000e+001, 6.60804e-001
-1.916250000000e+001, 6.40703e-001
-1.915000000000e+001, 6.60804e-001
-1.913750000000e+001, 6.50754e-001
-1.912500000000e+001, 6.70854e-001
-1.911250000000e+001, 6.70854e-001
-1.910000000000e+001, 6.80905e-001
-1.908750000000e+001, 6.80905e-001
-1.907500000000e+001, 6.90955e-001
-1.906250000000e+001, 7.01005e-001
-1.905000000000e+001, 7.21106e-001
-1.903750000000e+001, 7.21106e-001
-1.902500000000e+001, 7.21106e-001
-1.901250000000e+001, 7.51256e-001
-1.900000000000e+001, 7.31156e-001
-1.898750000000e+001, 7.41206e-001
-1.897500000000e+001, 7.41206e-001
-1.896250000000e+001, 7.71357e-001
-1.895000000000e+001, 7.61307e-001
-1.893750000000e+001, 7.71357e-001
-1.892500000000e+001, 7.81407e-001
-1.891250000000e+001, 8.01508e-001
-1.890000000000e+001, 7.81407e-001
-1.888750000000e+001, 8.01508e-001
-1.887500000000e+001, 8.11558e-001
-1.886250000000e+001, 8.01508e-001
-1.885000000000e+001, 8.11558e-001
-1.883750000000e+001, 8.11558e-001
-1.882500000000e+001, 7.91457e-001
-1.881250000000e+001, 8.11558e-001
-1.880000000000e+001, 8.11558e-001
-1.878750000000e+001, 8.11558e-001
-1.877500000000e+001, 8.01508e-001
-1.876250000000e+001, 8.11558e-001
-1.875000000000e+001, 8.01508e-001
-1.873750000000e+001, 8.11558e-001
-1.872500000000e+001, 8.01508e-001
-1.871250000000e+001, 8.11558e-001
-1.870000000000e+001, 8.01508e-001
-1.868750000000e+001, 8.01508e-001
-1.867500000000e+001, 8.01508e-001
-1.866250000000e+001, 8.11558e-001
-1.865000000000e+001, 8.01508e-001
-1.863750000000e+001, 8.11558e-001
-1.862500000000e+001, 8.01508e-001
-1.861250000000e+001, 8.01508e-001
-1.860000000000e+001, 8.01508e-001
-1.858750000000e+001, 8.11558e-001
-1.857500000000e+001, 8.11558e-001
-1.856250000000e+001, 8.11558e-001
-1.855000000000e+001, 8.01508e-001
-1.853750000000e+001, 8.11558e-001
-1.852500000000e+001, 8.01508e-001
-1.851250000000e+001, 8.01508e-001
-1.850000000000e+001, 8.11558e-001
-1.848750000000e+001, 8.11558e-001
-1.847500000000e+001, 8.01508e-001
-1.846250000000e+001, 8.11558e-001
-1.845000000000e+001, 8.01508e-001
-1.843750000000e+001, 8.01508e-001
-1.842500000000e+001, 7.91457e-001
-1.841250000000e+001, 8.11558e-001
-1.840000000000e+001, 8.11558e-001
-1.838750000000e+001, 8.11558e-001
-1.837500000000e+001, 8.01508e-001
-1.836250000000e+001, 8.11558e-001
-1.835000000000e+001, 8.11558e-001
-1.833750000000e+001, 8.11558e-001
-1.832500000000e+001, 8.01508e-001
-1.831250000000e+001, 8.11558e-001
-1.830000000000e+001, 8.01508e-001
-1.828750000000e+001, 8.11558e-001
-1.827500000000e+001, 8.01508e-001
-1.826250000000e+001, 8.11558e-001
-1.825000000000e+001, 8.01508e-001
-1.823750000000e+001, 8.01508e-001
-1.822500000000e+001, 8.01508e-001
-1.821250000000e+001, 8.21608e-001
-1.820000000000e+001, 8.01508e-001
-1.818750000000e+001, 8.11558e-001
-1.817500000000e+001, 8.11558e-001
-1.816250000000e+001, 8.11558e-001
-1.815000000000e+001, 8.01508e-001
-1.813750000000e+001, 8.01508e-001
-1.812500000000e+001, 8.11558e-001
-1.811250000000e+001, 8.11558e-001
-1.810000000000e+001, 8.11558e-001
-1.808750000000e+001, 8.11558e-001
-1.807500000000e+001, 8.01508e-001
-1.806250000000e+001, 8.11558e-001
-1.805000000000e+001, 8.01508e-001
-1.803750000000e+001, 8.01508e-001
-1.802500000000e+001, 8.01508e-001
-1.801250000000e+001, 8.01508e-001
-1.800000000000e+001, 8.11558e-001
-1.798750000000e+001, 7.91457e-001
-1.797500000000e+001, 8.11558e-001
-1.796250000000e+001, 8.11558e-001
-1.795000000000e+001, 8.01508e-001
-1.793750000000e+001, 8.11558e-001
-1.792500000000e+001, 8.01508e-001
-1.791250000000e+001, 8.11558e-001
-1.790000000000e+001, 8.21608e-001
-1.788750000000e+001, 8.11558e-001
-1.787500000000e+001, 8.11558e-001
-1.786250000000e+001, 8.11558e-001
-1.785000000000e+001, 8.01508e-001
-1.783750000000e+001, 8.11558e-001
-1.782500000000e+001, 8.11558e-001
-1.781250000000e+001, 8.11558e-001
-1.780000000000e+001, 7.91457e-001
-1.778750000000e+001, 8.01508e-001
-1.777500000000e+001, 8.01508e-001
-1.776250000000e+001, 8.11558e-001
-1.775000000000e+001, 7.91457e-001
-1.773750000000e+001, 8.11558e-001
-1.772500000000e+001, 8.11558e-001
-1.771250000000e+001, 8.11558e-001
-1.770000000000e+001, 8.01508e-001
-1.768750000000e+001, 8.11558e-001
-1.767500000000e+001, 8.21608e-001
-1.766250000000e+001, 8.11558e-001
-1.765000000000e+001, 8.01508e-001
-1.763750000000e+001, 8.01508e-001
-1.762500000000e+001, 8.21608e-001
-1.761250000000e+001, 8.01508e-001
-1.760000000000e+001, 8.11558e-001
-1.758750000000e+001, 8.11558e-001
-1.757500000000e+001, 8.21608e-001
-1.756250000000e+001, 8.11558e-001
-1.755000000000e+001, 8.11558e-001
-1.753750000000e+001, 8.11558e-001
-1.752500000000e+001, 8.11558e-001
-1.751250000000e+001, 8.11558e-001
-1.750000000000e+001, 8.11558e-001
-1.748750000000e+001, 8.21608e-001
-1.747500000000e+001, 8.01508e-001
-1.746250000000e+001, 8.11558e-001
-1.745000000000e+001, 8.11558e-001
-1.743750000000e+001, 8.11558e-001
-1.742500000000e+001, 8.01508e-001
-1.741250000000e+001, 8.11558e-001
-1.740000000000e+001, 8.11558e-001
-1.738750000000e+001, 8.01508e-001
-1.737500000000e+001, 8.01508e-001
-1.736250000000e+001, 8.01508e-001
-1.735000000000e+001, 8.01508e-001
-1.733750000000e+001, 8.11558e-001
-1.732500000000e+001, 8.11558e-001
-1.731250000000e+001, 8.01508e-001
-1.730000000000e+001, 8.01508e-001
-1.728750000000e+001, 8.11558e-001
-1.727500000000e+001, 8.21608e-001
-1.726250000000e+001, 8.01508e-001
-1.725000000000e+001, 8.01508e-001
-1.723750000000e+001, 8.11558e-001
-1.722500000000e+001, 8.11558e-001
-1.721250000000e+001, 8.21608e-001
-1.720000000000e+001, 8.11558e-001
-1.718750000000e+001, 8.01508e-001
-1.717500000000e+001, 8.11558e-001
-1.716250000000e+001, 8.11558e-001
-1.715000000000e+001, 8.01508e-001
-1.713750000000e+001, 8.01508e-001
-1.712500000000e+001, 8.01508e-001
-1.711250000000e+001, 8.11558e-001
-1.710000000000e+001, 8.01508e-001
-1.708750000000e+001, 8.01508e-001
-1.707500000000e+001, 8.11558e-001
-1.706250000000e+001, 8.11558e-001
-1.705000000000e+001, 8.01508e-001
-1.703750000000e+001, 8.01508e-001
-1.702500000000e+001, 8.11558e-001
-1.701250000000e+001, 8.21608e-001
-1.700000000000e+001, 8.11558e-001
-1.698750000000e+001, 8.11558e-001
-1.697500000000e+001, 8.11558e-001
-1.696250000000e+001, 8.11558e-001
-1.695000000000e+001, 8.11558e-001
-1.693750000000e+001, 8.01508e-001
-1.692500000000e+001, 8.11558e-001
-1.691250000000e+001, 8.01508e-001
-1.690000000000e+001, 8.21608e-001
-1.688750000000e+001, 8.11558e-001
-1.687500000000e+001, 8.01508e-001
-1.686250000000e+001, 8.01508e-001
-1.685000000000e+001, 8.11558e-001
-1.683750000000e+001, 8.11558e-001
-1.682500000000e+001, 8.01508e-001
-1.681250000000e+001, 8.11558e-001
-1.680000000000e+001, 8.11558e-001
-1.678750000000e+001, 8.11558e-001
-1.677500000000e+001, 8.21608e-001
-1.676250000000e+001, 8.01508e-001
-1.675000000000e+001, 8.01508e-001
-1.673750000000e+001, 8.11558e-001
-1.672500000000e+001, 8.01508e-001
-1.671250000000e+001, 8.11558e-001
-1.670000000000e+001, 8.11558e-001
-1.668750000000e+001, 8.11558e-001
-1.667500000000e+001, 8.11558e-001
-1.666250000000e+001, 8.01508e-001
-1.665000000000e+001, 8.11558e-001
-1.663750000000e+001, 8.01508e-001
-1.662500000000e+001, 8.11558e-001
-1.661250000000e+001, 8.01508e-001
-1.660000000000e+001, 8.11558e-001
-1.658750000000e+001, 8.01508e-001
-1.657500000000e+001, 8.11558e-001
-1.656250000000e+001, 8.11558e-001
-1.655000000000e+001, 8.01508e-001
-1.653750000000e+001, 8.11558e-001
-1.652500000000e+001, 8.11558e-001
-1.651250000000e+001, 8.01508e-001
-1.650000000000e+001, 8.11558e-001
-1.648750000000e+001, 8.01508e-001
-1.647500000000e+001, 8.11558e-001
-1.646250000000e+001, 8.11558e-001
-1.645000000000e+001, 8.11558e-001
-1.643750000000e+001, 8.01508e-001
-1.642500000000e+001, 8.01508e-001
-1.641250000000e+001, 8.11558e-001
-1.640000000000e+001, 8.11558e-001
-1.638750000000e+001, 8.11558e-001
-1.637500000000e+001, 8.11558e-001
-1.636250000000e+001, 8.01508e-001
-1.635000000000e+001, 8.11558e-001
-1.633750000000e+001, 8.01508e-001
-1.632500000000e+001, 8.01508e-001
-1.631250000000e+001, 8.11558e-001
-1.630000000000e+001, 8.11558e-001
-1.628750000000e+001, 8.11558e-001
-1.627500000000e+001, 8.01508e-001
-1.626250000000e+001, 8.11558e-001
-1.625000000000e+001, 8.01508e-001
-1.623750000000e+001, 8.01508e-001
-1.622500000000e+001, 8.11558e-001
-1.621250000000e+001, 8.01508e-001
-1.620000000000e+001, 8.11558e-001
-1.618750000000e+001, 8.01508e-001
-1.617500000000e+001, 8.01508e-001
-1.616250000000e+001, 8.01508e-001
-1.615000000000e+001, 8.01508e-001
-1.613750000000e+001, 8.11558e-001
-1.612500000000e+001, 8.01508e-001
-1.611250000000e+001, 8.21608e-001
-1.610000000000e+001, 8.11558e-001
-1.608750000000e+001, 8.01508e-001
-1.607500000000e+001, 8.11558e-001
-1.606250000000e+001, 8.11558e-001
-1.605000000000e+001, 8.11558e-001
-1.603750000000e+001, 8.11558e-001
-1.602500000000e+001, 8.21608e-001
-1.601250000000e+001, 8.01508e-001
-1.600000000000e+001, 8.11558e-001
-1.598750000000e+001, 8.01508e-001
-1.597500000000e+001, 8.11558e-001
-1.596250000000e+001, 8.01508e-001
-1.595000000000e+001, 8.01508e-001
-1.593750000000e+001, 8.11558e-001
-1.592500000000e+001, 8.11558e-001
-1.591250000000e+001, 8.11558e-001
-1.590000000000e+001, 7.91457e-001
-1.588750000000e+001, 8.11558e-001
-1.587500000000e+001, 8.11558e-001
-1.586250000000e+001, 8.11558e-001
-1.585000000000e+001, 8.21608e-001
-1.583750000000e+001, 8.11558e-001
-1.582500000000e+001, 8.11558e-001
-1.581250000000e+001, 8.01508e-001
-1.580000000000e+001, 8.11558e-001
-1.578750000000e+001, 8.21608e-001
-1.577500000000e+001, 8.11558e-001
-1.576250000000e+001, 8.11558e-001
-1.575000000000e+001, 8.01508e-001
-1.573750000000e+001, 8.21608e-001
-1.572500000000e+001, 8.11558e-001
-1.571250000000e+001, 8.11558e-001
-1.570000000000e+001, 8.01508e-001
-1.568750000000e+001, 8.01508e-001
-1.567500000000e+001, 8.11558e-001
-1.566250000000e+001, 8.11558e-001
-1.565000000000e+001, 8.11558e-001
-1.563750000000e+001, 8.11558e-001
-1.562500000000e+001, 8.01508e-001
-1.561250000000e+001, 8.11558e-001
-1.560000000000e+001, 8.11558e-001
-1.558750000000e+001, 8.01508e-001
-1.557500000000e+001, 8.11558e-001
-1.556250000000e+001, 8.01508e-001
-1.555000000000e+001, 8.11558e-001
-1.553750000000e+001, 8.11558e-001
-1.552500000000e+001, 8.01508e-001
-1.551250000000e+001, 8.01508e-001
-1.550000000000e+001, 8.11558e-001
-1.548750000000e+001, 8.01508e-001
-1.547500000000e+001, 8.01508e-001
-1.546250000000e+001, 8.01508e-001
-1.545000000000e+001, 8.01508e-001
-1.543750000000e+001, 8.11558e-001
-1.542500000000e+001, 8.11558e-001
-1.541250000000e+001, 8.11558e-001
-1.540000000000e+001, 8.01508e-001
-1.538750000000e+001, 8.01508e-001
-1.537500000000e+001, 8.11558e-001
-1.536250000000e+001, 8.01508e-001
-1.535000000000e+001, 8.11558e-001
-1.533750000000e+001, 8.11558e-001
-1.532500000000e+001, 8.01508e-001
-1.531250000000e+001, 8.11558e-001
-1.530000000000e+001, 8.01508e-001
-1.528750000000e+001, 8.11558e-001
-1.527500000000e+001, 8.11558e-001
-1.526250000000e+001, 8.11558e-001
-1.525000000000e+001, 8.01508e-001
-1.523750000000e+001, 8.11558e-001
-1.522500000000e+001, 8.11558e-001
-1.521250000000e+001, 8.01508e-001
-1.520000000000e+001, 8.11558e-001
-1.518750000000e+001, 8.01508e-001
-1.517500000000e+001, 8.01508e-001
-1.516250000000e+001, 8.11558e-001
-1.515000000000e+001, 8.21608e-001
-1.513750000000e+001, 8.11558e-001
-1.512500000000e+001, 8.11558e-001
-1.511250000000e+001, 8.11558e-001
-1.510000000000e+001, 8.01508e-001
-1.508750000000e+001, 8.11558e-001
-1.507500000000e+001, 8.01508e-001
-1.506250000000e+001, 8.11558e-001
-1.505000000000e+001, 8.11558e-001
-1.503750000000e+001, 8.11558e-001
-1.502500000000e+001, 8.01508e-001
-1.501250000000e+001, 8.11558e-001
-1.500000000000e+001, 8.11558e-001
-1.498750000000e+001, 8.01508e-001
-1.497500000000e+001, 8.01508e-001
-1.496250000000e+001, 8.11558e-001
-1.495000000000e+001, 7.91457e-001
-1.493750000000e+001, 8.21608e-001
-1.492500000000e+001, 8.01508e-001
-1.491250000000e+001, 8.11558e-001
-1.490000000000e+001, 8.11558e-001
-1.488750000000e+001, 8.11558e-001
-1.487500000000e+001, 8.11558e-001
-1.486250000000e+001, 7.91457e-001
-1.485000000000e+001, 8.01508e-001
-1.483750000000e+001, 8.11558e-001
-1.482500000000e+001, 8.01508e-001
-1.481250000000e+001, 8.01508e-001
-1.480000000000e+001, 8.21608e-001
-1.478750000000e+001, 8.11558e-001
-1.477500000000e+001, 8.01508e-001
-1.476250000000e+001, 8.01508e-001
-1.475000000000e+001, 8.01508e-001
-1.473750000000e+001, 8.01508e-001
-1.472500000000e+001, 8.01508e-001
-1.471250000000e+001, 8.01508e-001
-1.470000000000e+001, 8.11558e-001
-1.468750000000e+001, 8.11558e-001
-1.467500000000e+001, 8.01508e-001
-1.466250000000e+001, 8.01508e-001
-1.465000000000e+001, 8.01508e-001
-1.463750000000e+001, 8.01508e-001
-1.462500000000e+001, 8.11558e-001
-1.461250000000e+001, 8.11558e-001
-1.460000000000e+001, 8.11558e-001
-1.458750000000e+001, 8.11558e-001
-1.457500000000e+001, 8.01508e-001
-1.456250000000e+001, 8.11558e-001
-1.455000000000e+001, 8.01508e-001
-1.453750000000e+001, 7.91457e-001
-1.452500000000e+001, 8.01508e-001
-1.451250000000e+001, 8.01508e-001
-1.450000000000e+001, 8.11558e-001
-1.448750000000e+001, 8.11558e-001
-1.447500000000e+001, 8.11558e-001
-1.446250000000e+001, 8.11558e-001
-1.445000000000e+001, 8.01508e-001
-1.443750000000e+001, 8.01508e-001
-1.442500000000e+001, 8.01508e-001
-1.441250000000e+001, 8.11558e-001
-1.440000000000e+001, 8.01508e-001
-1.438750000000e+001, 8.21608e-001
-1.437500000000e+001, 8.11558e-001
-1.436250000000e+001, 8.01508e-001
-1.435000000000e+001, 8.11558e-001
-1.433750000000e+001, 8.01508e-001
-1.432500000000e+001, 8.11558e-001
-1.431250000000e+001, 8.11558e-001
-1.430000000000e+001, 8.01508e-001
-1.428750000000e+001, 7.91457e-001
-1.427500000000e+001, 8.01508e-001
-1.426250000000e+001, 8.11558e-001
-1.425000000000e+001, 8.11558e-001
-1.423750000000e+001, 8.11558e-001
-1.422500000000e+001, 8.11558e-001
-1.421250000000e+001, 8.01508e-001
-1.420000000000e+001, 8.11558e-001
-1.418750000000e+001, 8.11558e-001
-1.417500000000e+001, 8.01508e-001
-1.416250000000e+001, 8.11558e-001
-1.415000000000e+001, 8.01508e-001
-1.413750000000e+001, 8.11558e-001
-1.412500000000e+001, 8.11558e-001
-1.411250000000e+001, 8.11558e-001
-1.410000000000e+001, 8.11558e-001
-1.408750000000e+001, 8.01508e-001
-1.407500000000e+001, 8.21608e-001
-1.406250000000e+001, 8.11558e-001
-1.405000000000e+001, 8.11558e-001
-1.403750000000e+001, 8.11558e-001
-1.402500000000e+001, 8.11558e-001
-1.401250000000e+001, 8.11558e-001
-1.400000000000e+001, 8.01508e-001
-1.398750000000e+001, 8.11558e-001
-1.397500000000e+001, 8.01508e-001
-1.396250000000e+001, 8.11558e-001
-1.395000000000e+001, 8.01508e-001
-1.393750000000e+001, 8.01508e-001
-1.392500000000e+001, 8.11558e-001
-1.391250000000e+001, 8.11558e-001
-1.390000000000e+001, 8.01508e-001
-1.388750000000e+001, 8.11558e-001
-1.387500000000e+001, 8.11558e-001
-1.386250000000e+001, 8.11558e-001
-1.385000000000e+001, 8.01508e-001
-1.383750000000e+001, 8.11558e-001
-1.382500000000e+001, 8.11558e-001
-1.381250000000e+001, 8.01508e-001
-1.380000000000e+001, 8.11558e-001
-1.378750000000e+001, 8.01508e-001
-1.377500000000e+001, 8.11558e-001
-1.376250000000e+001, 8.11558e-001
-1.375000000000e+001, 8.11558e-001
-1.373750000000e+001, 8.01508e-001
-1.372500000000e+001, 8.11558e-001
-1.371250000000e+001, 8.11558e-001
-1.370000000000e+001, 8.11558e-001
-1.368750000000e+001, 8.11558e-001
-1.367500000000e+001, 8.11558e-001
-1.366250000000e+001, 8.01508e-001
-1.365000000000e+001, 8.11558e-001
-1.363750000000e+001, 8.01508e-001
-1.362500000000e+001, 8.11558e-001
-1.361250000000e+001, 8.21608e-001
-1.360000000000e+001, 8.11558e-001
-1.358750000000e+001, 8.11558e-001
-1.357500000000e+001, 8.11558e-001
-1.356250000000e+001, 8.11558e-001
-1.355000000000e+001, 8.01508e-001
-1.353750000000e+001, 8.01508e-001
-1.352500000000e+001, 8.11558e-001
-1.351250000000e+001, 8.11558e-001
-1.350000000000e+001, 8.11558e-001
-1.348750000000e+001, 8.11558e-001
-1.347500000000e+001, 8.11558e-001
-1.346250000000e+001, 7.91457e-001
-1.345000000000e+001, 8.21608e-001
-1.343750000000e+001, 8.01508e-001
-1.342500000000e+001, 8.01508e-001
-1.341250000000e+001, 7.91457e-001
-1.340000000000e+001, 8.11558e-001
-1.338750000000e+001, 8.11558e-001
-1.337500000000e+001, 8.21608e-001
-1.336250000000e+001, 8.01508e-001
-1.335000000000e+001, 8.01508e-001
-1.333750000000e+001, 8.01508e-001
-1.332500000000e+001, 8.11558e-001
-1.331250000000e+001, 8.01508e-001
-1.330000000000e+001, 8.01508e-001
-1.328750000000e+001, 8.01508e-001
-1.327500000000e+001, 8.01508e-001
-1.326250000000e+001, 8.11558e-001
-1.325000000000e+001, 8.11558e-001
-1.323750000000e+001, 8.01508e-001
-1.322500000000e+001, 8.11558e-001
-1.321250000000e+001, 8.11558e-001
-1.320000000000e+001, 8.11558e-001
-1.318750000000e+001, 8.01508e-001
-1.317500000000e+001, 8.01508e-001
-1.316250000000e+001, 8.11558e-001
-1.315000000000e+001, 8.01508e-001
-1.313750000000e+001, 8.11558e-001
-1.312500000000e+001, 8.01508e-001
-1.311250000000e+001, 8.11558e-001
-1.310000000000e+001, 8.01508e-001
-1.308750000000e+001, 8.01508e-001
-1.307500000000e+001, 8.11558e-001
-1.306250000000e+001, 8.01508e-001
-1.305000000000e+001, 8.11558e-001
-1.303750000000e+001, 8.11558e-001
-1.302500000000e+001, 8.11558e-001
-1.301250000000e+001, 8.11558e-001
-1.300000000000e+001, 8.01508e-001
-1.298750000000e+001, 8.11558e-001
-1.297500000000e+001, 8.01508e-001
-1.296250000000e+001, 8.01508e-001
-1.295000000000e+001, 8.11558e-001
-1.293750000000e+001, 8.11558e-001
-1.292500000000e+001, 8.01508e-001
-1.291250000000e+001, 8.11558e-001
-1.290000000000e+001, 8.01508e-001
-1.288750000000e+001, 8.11558e-001
-1.287500000000e+001, 8.01508e-001
-1.286250000000e+001, 8.11558e-001
-1.285000000000e+001, 8.11558e-001
-1.283750000000e+001, 8.11558e-001
-1.282500000000e+001, 8.01508e-001
-1.281250000000e+001, 8.01508e-001
-1.280000000000e+001, 8.01508e-001
-1.278750000000e+001, 8.11558e-001
-1.277500000000e+001, 8.11558e-001
-1.276250000000e+001, 8.01508e-001
-1.275000000000e+001, 8.01508e-001
-1.273750000000e+001, 8.11558e-001
-1.272500000000e+001, 8.11558e-001
-1.271250000000e+001, 8.01508e-001
-1.270000000000e+001, 8.11558e-001
-1.268750000000e+001, 8.11558e-001
-1.267500000000e+001, 8.01508e-001
-1.266250000000e+001, 8.11558e-001
-1.265000000000e+001, 8.11558e-001
-1.263750000000e+001, 8.01508e-001
-1.262500000000e+001, 7.91457e-001
-1.261250000000e+001, 8.01508e-001
-1.260000000000e+001, 8.01508e-001
-1.258750000000e+001, 8.11558e-001
-1.257500000000e+001, 8.11558e-001
-1.256250000000e+001, 8.11558e-001
-1.255000000000e+001, 7.91457e-001
-1.253750000000e+001, 8.11558e-001
-1.252500000000e+001, 8.11558e-001
-1.251250000000e+001, 8.01508e-001
-1.250000000000e+001, 8.01508e-001
-1.248750000000e+001, 8.01508e-001
-1.247500000000e+001, 8.11558e-001
-1.246250000000e+001, 8.01508e-001
-1.245000000000e+001, 8.01508e-001
-1.243750000000e+001, 7.91457e-001
-1.242500000000e+001, 8.01508e-001
-1.241250000000e+001, 8.01508e-001
-1.240000000000e+001, 8.01508e-001
-1.238750000000e+001, 8.01508e-001
-1.237500000000e+001, 7.91457e-001
-1.236250000000e+001, 7.91457e-001
-1.235000000000e+001, 7.91457e-001
-1.233750000000e+001, 7.81407e-001
-1.232500000000e+001, 8.01508e-001
-1.231250000000e+001, 8.01508e-001
-1.230000000000e+001, 8.01508e-001
-1.228750000000e+001, 7.81407e-001
-1.227500000000e+001, 7.91457e-001
-1.226250000000e+001, 8.01508e-001
-1.225000000000e+001, 8.01508e-001
-1.223750000000e+001, 7.91457e-001
-1.222500000000e+001, 7.91457e-001
-1.221250000000e+001, 7.91457e-001
-1.220000000000e+001, 7.81407e-001
-1.218750000000e+001, 7.81407e-001
-1.217500000000e+001, 7.91457e-001
-1.216250000000e+001, 7.91457e-001
-1.215000000000e+001, 7.81407e-001
-1.213750000000e+001, 7.81407e-001
-1.212500000000e+001, 8.01508e-001
-1.211250000000e+001, 7.81407e-001
-1.210000000000e+001, 7.81407e-001
-1.208750000000e+001, 7.81407e-001
-1.207500000000e+001, 7.81407e-001
-1.206250000000e+001, 7.91457e-001
-1.205000000000e+001, 7.81407e-001
-1.203750000000e+001, 7.81407e-001
-1.202500000000e+001, 7.91457e-001
-1.201250000000e+001, 7.71357e-001
-1.200000000000e+001, 7.71357e-001
-1.198750000000e+001, 7.81407e-001
-1.197500000000e+001, 7.71357e-001
-1.196250000000e+001, 7.71357e-001
-1.195000000000e+001, 7.81407e-001
-1.193750000000e+001, 7.81407e-001
-1.192500000000e+001, 7.81407e-001
-1.191250000000e+001, 7.81407e-001
-1.190000000000e+001, 7.81407e-001
-1.188750000000e+001, 7.81407e-001
-1.187500000000e+001, 7.81407e-001
-1.186250000000e+001, 7.81407e-001
-1.185000000000e+001, 7.71357e-001
-1.183750000000e+001, 7.71357e-001
-1.182500000000e+001, 7.81407e-001
-1.181250000000e+001, 7.81407e-001
-1.180000000000e+001, 7.71357e-001
-1.178750000000e+001, 7.81407e-001
-1.177500000000e+001, 7.71357e-001
-1.176250000000e+001, 7.71357e-001
-1.175000000000e+001, 7.51256e-001
-1.173750000000e+001, 7.71357e-001
-1.172500000000e+001, 7.71357e-001
-1.171250000000e+001, 7.61307e-001
-1.170000000000e+001, 7.61307e-001
-1.168750000000e+001, 7.61307e-001
-1.167500000000e+001, 7.71357e-001
-1.166250000000e+001, 7.71357e-001
-1.165000000000e+001, 7.61307e-001
-1.163750000000e+001, 7.61307e-001
-1.162500000000e+001, 7.61307e-001
-1.161250000000e+001, 7.81407e-001
-1.160000000000e+001, 7.61307e-001
-1.158750000000e+001, 7.61307e-001
-1.157500000000e+001, 7.61307e-001
-1.156250000000e+001, 7.71357e-001
-1.155000000000e+001, 7.51256e-001
-1.153750000000e+001, 7.51256e-001
-1.152500000000e+001, 7.51256e-001
-1.151250000000e+001, 7.51256e-001
-1.150000000000e+001, 7.61307e-001
-1.148750000000e+001, 7.51256e-001
-1.147500000000e+001, 7.71357e-001
-1.146250000000e+001, 7.61307e-001
-1.145000000000e+001, 7.51256e-001
-1.143750000000e+001, 7.51256e-001
-1.142500000000e+001, 7.51256e-001
-1.141250000000e+001, 7.41206e-001
-1.140000000000e+001, 7.61307e-001
-1.138750000000e+001, 7.41206e-001
-1.137500000000e+001, 7.51256e-001
-1.136250000000e+001, 7.61307e-001
-1.135000000000e+001, 7.51256e-001
-1.133750000000e+001, 7.51256e-001
-1.132500000000e+001, 7.41206e-001
-1.131250000000e+001, 7.51256e-001
-1.130000000000e+001, 7.51256e-001
-1.128750000000e+001, 7.51256e-001
-1.127500000000e+001, 7.31156e-001
-1.126250000000e+001, 7.41206e-001
-1.125000000000e+001, 7.41206e-001
-1.123750000000e+001, 7.51256e-001
-1.122500000000e+001, 7.41206e-001
-1.121250000000e+001, 7.41206e-001
-1.120000000000e+001, 7.41206e-001
-1.118750000000e+001, 7.41206e-001
-1.117500000000e+001, 7.41206e-001
-1.116250000000e+001, 7.41206e-001
-1.115000000000e+001, 7.41206e-001
-1.113750000000e+001, 7.41206e-001
-1.112500000000e+001, 7.41206e-001
-1.111250000000e+001, 7.41206e-001
-1.110000000000e+001, 7.41206e-001
-1.108750000000e+001, 7.31156e-001
-1.107500000000e+001, 7.31156e-001
-1.106250000000e+001, 7.41206e-001
-1.105000000000e+001, 7.31156e-001
-1.103750000000e+001, 7.41206e-001
-1.102500000000e+001, 7.31156e-001
-1.101250000000e+001, 7.41206e-001
-1.100000000000e+001, 7.41206e-001
-1.098750000000e+001, 7.31156e-001
-1.097500000000e+001, 7.31156e-001
-1.096250000000e+001, 7.31156e-001
-1.095000000000e+001, 7.31156e-001
-1.093750000000e+001, 7.31156e-001
-1.092500000000e+001, 7.31156e-001
-1.091250000000e+001, 7.31156e-001
-1.090000000000e+001, 7.21106e-001
-1.088750000000e+001, 7.21106e-001
-1.087500000000e+001, 7.31156e-001
-1.086250000000e+001, 7.21106e-001
-1.085000000000e+001, 7.21106e-001
-1.083750000000e+001, 7.21106e-001
-1.082500000000e+001, 7.21106e-001
-1.081250000000e+001, 7.31156e-001
-1.080000000000e+001, 7.31156e-001
-1.078750000000e+001, 7.21106e-001
-1.077500000000e+001, 7.21106e-001
-1.076250000000e+001, 7.11055e-001
-1.075000000000e+001, 7.21106e-001
-1.073750000000e+001, 7.21106e-001
-1.072500000000e+001, 7.31156e-001
-1.071250000000e+001, 7.21106e-001
-1.070000000000e+001, 7.21106e-001
-1.068750000000e+001, 7.11055e-001
-1.067500000000e+001, 7.11055e-001
-1.066250000000e+001, 7.21106e-001
-1.065000000000e+001, 7.11055e-001
-1.063750000000e+001, 7.21106e-001
-1.062500000000e+001, 7.11055e-001
-1.061250000000e+001, 7.11055e-001
-1.060000000000e+001, 7.11055e-001
-1.058750000000e+001, 7.11055e-001
-1.057500000000e+001, 7.21106e-001
-1.056250000000e+001, 7.11055e-001
-1.055000000000e+001, 7.11055e-001
-1.053750000000e+001, 7.01005e-001
-1.052500000000e+001, 7.01005e-001
-1.051250000000e+001, 7.11055e-001
-1.050000000000e+001, 7.01005e-001
-1.048750000000e+001, 7.11055e-001
-1.047500000000e+001, 7.21106e-001
-1.046250000000e+001, 7.01005e-001
-1.045000000000e+001, 6.90955e-001
-1.043750000000e+001, 7.01005e-001
-1.042500000000e+001, 7.01005e-001
-1.041250000000e+001, 7.11055e-001
-1.040000000000e+001, 7.01005e-001
-1.038750000000e+001, 7.01005e-001
-1.037500000000e+001, 7.01005e-001
-1.036250000000e+001, 6.90955e-001
-1.035000000000e+001, 7.01005e-001
-1.033750000000e+001, 7.01005e-001
-1.032500000000e+001, 7.01005e-001
-1.031250000000e+001, 7.01005e-001
-1.030000000000e+001, 6.90955e-001
-1.028750000000e+001, 7.01005e-001
-1.027500000000e+001, 6.90955e-001
-1.026250000000e+001, 7.11055e-001
-1.025000000000e+001, 6.90955e-001
-1.023750000000e+001, 7.01005e-001
-1.022500000000e+001, 6.90955e-001
-1.021250000000e+001, 6.90955e-001
-1.020000000000e+001, 6.90955e-001
-1.018750000000e+001, 6.80905e-001
-1.017500000000e+001, 6.90955e-001
-1.016250000000e+001, 6.90955e-001
-1.015000000000e+001, 6.80905e-001
-1.013750000000e+001, 6.80905e-001
-1.012500000000e+001, 6.90955e-001
-1.011250000000e+001, 6.90955e-001
-1.010000000000e+001, 6.90955e-001
-1.008750000000e+001, 7.01005e-001
-1.007500000000e+001, 7.01005e-001
-1.006250000000e+001, 6.80905e-001
-1.005000000000e+001, 6.90955e-001
-1.003750000000e+001, 6.80905e-001
-1.002500000000e+001, 7.01005e-001
-1.001250000000e+001, 6.80905e-001
-1.000000000000e+001, 6.80905e-001
-9.987500000000e+000, 6.90955e-001
-9.975000000000e+000, 6.80905e-001
-9.962500000000e+000, 6.80905e-001
-9.950000000000e+000, 6.80905e-001
-9.937500000000e+000, 6.80905e-001
-9.925000000000e+000, 6.80905e-001
-9.912500000000e+000, 6.90955e-001
-9.900000000000e+000, 6.80905e-001
-9.887500000000e+000, 6.90955e-001
-9.875000000000e+000, 6.80905e-001
-9.862500000000e+000, 6.70854e-001
-9.850000000000e+000, 6.80905e-001
-9.837500000000e+000, 6.80905e-001
-9.825000000000e+000, 6.90955e-001
-9.812500000000e+000, 6.80905e-001
-9.800000000000e+000, 6.80905e-001
-9.787500000000e+000, 6.70854e-001
-9.775000000000e+000, 6.80905e-001
-9.762500000000e+000, 6.70854e-001
-9.750000000000e+000, 6.80905e-001
-9.737500000000e+000, 6.70854e-001
-9.725000000000e+000, 6.70854e-001
-9.712500000000e+000, 6.80905e-001
-9.700000000000e+000, 6.70854e-001
-9.687500000000e+000, 6.70854e-001
-9.675000000000e+000, 6.70854e-001
-9.662500000000e+000, 6.70854e-001
-9.650000000000e+000, 6.70854e-001
-9.637500000000e+000, 6.70854e-001
-9.625000000000e+000, 6.70854e-001
-9.612500000000e+000, 6.70854e-001
-9.600000000000e+000, 6.70854e-001
-9.587500000000e+000, 6.70854e-001
-9.575000000000e+000, 6.70854e-001
-9.562500000000e+000, 6.60804e-001
-9.550000000000e+000, 6.70854e-001
-9.537500000000e+000, 6.50754e-001
-9.525000000000e+000, 6.70854e-001
-9.512500000000e+000, 6.70854e-001
-9.500000000000e+000, 6.60804e-001
-9.487500000000e+000, 6.60804e-001
-9.475000000000e+000, 6.50754e-001
-9.462500000000e+000, 6.70854e-001
-9.450000000000e+000, 6.50754e-001
-9.437500000000e+000, 6.60804e-001
-9.425000000000e+000, 6.50754e-001
-9.412500000000e+000, 6.60804e-001
-9.400000000000e+000, 6.60804e-001
-9.387500000000e+000, 6.60804e-001
-9.375000000000e+000, 6.50754e-001
-9.362500000000e+000, 6.60804e-001
-9.350000000000e+000, 6.60804e-001
-9.337500000000e+000, 6.50754e-001
-9.325000000000e+000, 6.50754e-001
-9.312500000000e+000, 6.50754e-001
-9.300000000000e+000, 6.50754e-001
-9.287500000000e+000, 6.50754e-001
-9.275000000000e+000, 6.40703e-001
-9.262500000000e+000, 6.50754e-001
-9.250000000000e+000, 6.40703e-001
-9.237500000000e+000, 6.50754e-001
-9.225000000000e+000, 6.50754e-001
-9.212500000000e+000, 6.40703e-001
-9.200000000000e+000, 6.50754e-001
-9.187500000000e+000, 6.50754e-001
-9.175000000000e+000, 6.50754e-001
-9.162500000000e+000, 6.50754e-001
-9.150000000000e+000, 6.40703e-001
-9.137500000000e+000, 6.50754e-001
-9.125000000000e+000, 6.50754e-001
-9.112500000000e+000, 6.40703e-001
-9.100000000000e+000, 6.50754e-001
-9.087500000000e+000, 6.40703e-001
-9.075000000000e+000, 6.30653e-001
-9.062500000000e+000, 6.40703e-001
-9.050000000000e+000, 6.40703e-001
-9.037500000000e+000, 6.30653e-001
-9.025000000000e+000, 6.40703e-001
-9.012500000000e+000, 6.50754e-001
-9.000000000000e+000, 6.40703e-001
-8.987500000000e+000, 6.40703e-001
-8.975000000000e+000, 6.30653e-001
-8.962500000000e+000, 6.30653e-001
-8.950000000000e+000, 6.20603e-001
-8.937500000000e+000, 6.30653e-001
-8.925000000000e+000, 6.30653e-001
-8.912500000000e+000, 6.40703e-001
-8.900000000000e+000, 6.30653e-001
-8.887500000000e+000, 6.30653e-001
-8.875000000000e+000, 6.30653e-001
-8.862500000000e+000, 6.30653e-001
-8.850000000000e+000, 6.30653e-001
-8.837500000000e+000, 6.20603e-001
-8.825000000000e+000, 6.30653e-001
-8.812500000000e+000, 6.30653e-001
-8.800000000000e+000, 6.30653e-001
-8.787500000000e+000, 6.20603e-001
-8.775000000000e+000, 6.20603e-001
-8.762500000000e+000, 6.20603e-001
-8.750000000000e+000, 6.10553e-001
-8.737500000000e+000, 6.30653e-001
-8.725000000000e+000, 6.20603e-001
-8.712500000000e+000, 6.20603e-001
-8.700000000000e+000, 6.20603e-001
-8.687500000000e+000, 6.30653e-001
-8.675000000000e+000, 6.30653e-001
-8.662500000000e+000, 6.20603e-001
-8.650000000000e+000, 6.20603e-001
-8.637500000000e+000, 6.20603e-001
-8.625000000000e+000, 6.20603e-001
-8.612500000000e+000, 6.10553e-001
-8.600000000000e+000, 6.30653e-001
-8.587500000000e+000, 6.10553e-001
-8.575000000000e+000, 6.20603e-001
-8.562500000000e+000, 6.20603e-001
-8.550000000000e+000, 6.10553e-001
-8.537500000000e+000, 6.10553e-001
-8.525000000000e+000, 6.20603e-001
-8.512500000000e+000, 6.10553e-001
-8.500000000000e+000, 6.20603e-001
-8.487500000000e+000, 6.10553e-001
-8.475000000000e+000, 6.10553e-001
-8.462500000000e+000, 6.10553e-001
-8.450000000000e+000, 6.20603e-001
-8.437500000000e+000, 6.20603e-001
-8.425000000000e+000, 6.00502e-001
-8.412500000000e+000, 6.10553e-001
-8.400000000000e+000, 6.10553e-001
-8.387500000000e+000, 6.10553e-001
-8.375000000000e+000, 6.10553e-001
-8.362500000000e+000, 6.00502e-001
-8.350000000000e+000, 6.10553e-001
-8.337500000000e+000, 6.00502e-001
-8.325000000000e+000, 6.00502e-001
-8.312500000000e+000, 6.10553e-001
-8.300000000000e+000, 6.10553e-001
-8.287500000000e+000, 6.00502e-001
-8.275000000000e+000, 6.10553e-001
-8.262500000000e+000, 6.00502e-001
-8.250000000000e+000, 6.00502e-001
-8.237500000000e+000, 6.00502e-001
-8.225000000000e+000, 6.00502e-001
-8.212500000000e+000, 6.00502e-001
-8.200000000000e+000, 6.00502e-001
-8.187500000000e+000, 6.00502e-001
-8.175000000000e+000, 5.90452e-001
-8.162500000000e+000, 6.00502e-001
-8.150000000000e+000, 5.90452e-001
-8.137500000000e+000, 5.90452e-001
-8.125000000000e+000, 5.80402e-001
-8.112500000000e+000, 5.90452e-001
-8.100000000000e+000, 6.00502e-001
-8.087500000000e+000, 5.90452e-001
-8.075000000000e+000, 6.00502e-001
-8.062500000000e+000, 6.00502e-001
-8.050000000000e+000, 5.90452e-001
-8.037500000000e+000, 5.90452e-001
-8.025000000000e+000, 5.70352e-001
-8.012500000000e+000, 5.90452e-001
-8.000000000000e+000, 5.90452e-001
-7.987500000000e+000, 5.90452e-001
-7.975000000000e+000, 5.90452e-001
-7.962500000000e+000, 6.00502e-001
-7.950000000000e+000, 6.00502e-001
-7.937500000000e+000, 5.90452e-001
-7.925000000000e+000, 5.90452e-001
-7.912500000000e+000, 5.90452e-001
-7.900000000000e+000, 5.80402e-001
-7.887500000000e+000, 5.80402e-001
-7.875000000000e+000, 5.90452e-001
-7.862500000000e+000, 5.80402e-001
-7.850000000000e+000, 5.80402e-001
-7.837500000000e+000, 5.70352e-001
-7.825000000000e+000, 5.80402e-001
-7.812500000000e+000, 5.90452e-001
-7.800000000000e+000, 5.80402e-001
-7.787500000000e+000, 5.80402e-001
-7.775000000000e+000, 5.80402e-001
-7.762500000000e+000, 5.70352e-001
-7.750000000000e+000, 5.90452e-001
-7.737500000000e+000, 5.70352e-001
-7.725000000000e+000, 5.80402e-001
-7.712500000000e+000, 5.70352e-001
-7.700000000000e+000, 5.80402e-001
-7.687500000000e+000, 5.70352e-001
-7.675000000000e+000, 5.80402e-001
-7.662500000000e+000, 5.70352e-001
-7.650000000000e+000, 5.70352e-001
-7.637500000000e+000, 5.80402e-001
-7.625000000000e+000, 5.70352e-001
-7.612500000000e+000, 5.70352e-001
-7.600000000000e+000, 5.80402e-001
-7.587500000000e+000, 5.70352e-001
-7.575000000000e+000, 5.70352e-001
-7.562500000000e+000, 5.80402e-001
-7.550000000000e+000, 5.70352e-001
-7.537500000000e+000, 5.60301e-001
-7.525000000000e+000, 5.70352e-001
-7.512500000000e+000, 5.70352e-001
-7.500000000000e+000, 5.70352e-001
-7.487500000000e+000, 5.70352e-001
-7.475000000000e+000, 5.60301e-001
-7.462500000000e+000, 5.60301e-001
-7.450000000000e+000, 5.70352e-001
-7.437500000000e+000, 5.60301e-001
-7.425000000000e+000, 5.60301e-001
-7.412500000000e+000, 5.70352e-001
-7.400000000000e+000, 5.60301e-001
-7.387500000000e+000, 5.50251e-001
-7.375000000000e+000, 5.60301e-001
-7.362500000000e+000, 5.70352e-001
-7.350000000000e+000, 5.60301e-001
-7.337500000000e+000, 5.50251e-001
-7.325000000000e+000, 5.70352e-001
-7.312500000000e+000, 5.60301e-001
-7.300000000000e+000, 5.50251e-001
-7.287500000000e+000, 5.60301e-001
-7.275000000000e+000, 5.60301e-001
-7.262500000000e+000, 5.60301e-001
-7.250000000000e+000, 5.50251e-001
-7.237500000000e+000, 5.60301e-001
-7.225000000000e+000, 5.50251e-001
-7.212500000000e+000, 5.50251e-001
-7.200000000000e+000, 5.50251e-001
-7.187500000000e+000, 5.50251e-001
-7.175000000000e+000, 5.50251e-001
-7.162500000000e+000, 5.50251e-001
-7.150000000000e+000, 5.40201e-001
-7.137500000000e+000, 5.60301e-001
-7.125000000000e+000, 5.30151e-001
-7.112500000000e+000, 5.50251e-001
-7.100000000000e+000, 5.40201e-001
-7.087500000000e+000, 5.50251e-001
-7.075000000000e+000, 5.40201e-001
-7.062500000000e+000, 5.40201e-001
-7.050000000000e+000, 5.40201e-001
-7.037500000000e+000, 5.40201e-001
-7.025000000000e+000, 5.40201e-001
-7.012500000000e+000, 5.50251e-001
-7.000000000000e+000, 5.30151e-001
-6.987500000000e+000, 5.30151e-001
-6.975000000000e+000, 5.40201e-001
-6.962500000000e+000, 5.40201e-001
-6.950000000000e+000, 5.30151e-001
-6.937500000000e+000, 5.30151e-001
-6.925000000000e+000, 5.40201e-001
-6.912500000000e+000, 5.40201e-001
-6.900000000000e+000, 5.40201e-001
-6.887500000000e+000, 5.40201e-001
-6.875000000000e+000, 5.40201e-001
-6.862500000000e+000, 5.30151e-001
-6.850000000000e+000, 5.40201e-001
-6.837500000000e+000, 5.40201e-001
-6.825000000000e+000, 5.30151e-001
-6.812500000000e+000, 5.40201e-001
-6.800000000000e+000, 5.40201e-001
-6.787500000000e+000, 5.20100e-001
-6.775000000000e+000, 5.30151e-001
-6.762500000000e+000, 5.30151e-001
-6.750000000000e+000, 5.30151e-001
-6.737500000000e+000, 5.30151e-001
-6.725000000000e+000, 5.30151e-001
-6.712500000000e+000, 5.30151e-001
-6.700000000000e+000, 5.30151e-001
-6.687500000000e+000, 5.20100e-001
-6.675000000000e+000, 5.20100e-001
-6.662500000000e+000, 5.30151e-001
-6.650000000000e+000, 5.30151e-001
-6.637500000000e+000, 5.20100e-001
-6.625000000000e+000, 5.10050e-001
-6.612500000000e+000, 5.20100e-001
-6.600000000000e+000, 5.20100e-001
-6.587500000000e+000, 5.10050e-001
-6.575000000000e+000, 5.20100e-001
-6.562500000000e+000, 5.20100e-001
-6.550000000000e+000, 5.10050e-001
-6.537500000000e+000, 5.20100e-001
-6.525000000000e+000, 5.20100e-001
-6.512500000000e+000, 5.30151e-001
-6.500000000000e+000, 5.20100e-001
-6.487500000000e+000, 5.20100e-001
-6.475000000000e+000, 5.20100e-001
-6.462500000000e+000, 5.20100e-001
-6.450000000000e+000, 5.10050e-001
-6.437500000000e+000, 5.20100e-001
-6.425000000000e+000, 5.10050e-001
-6.412500000000e+000, 5.10050e-001
-6.400000000000e+000, 5.00000e-001
-6.387500000000e+000, 5.20100e-001
-6.375000000000e+000, 4.89950e-001
-6.362500000000e+000, 5.10050e-001
-6.350000000000e+000, 5.10050e-001
-6.337500000000e+000, 5.10050e-001
-6.325000000000e+000, 5.10050e-001
-6.312500000000e+000, 5.20100e-001
-6.300000000000e+000, 5.00000e-001
-6.287500000000e+000, 5.10050e-001
-6.275000000000e+000, 5.10050e-001
-6.262500000000e+000, 5.20100e-001
-6.250000000000e+000, 5.00000e-001
-6.237500000000e+000, 5.00000e-001
-6.225000000000e+000, 5.10050e-001
-6.212500000000e+000, 5.10050e-001
-6.200000000000e+000, 5.00000e-001
-6.187500000000e+000, 5.20100e-001
-6.175000000000e+000, 5.00000e-001
-6.162500000000e+000, 5.00000e-001
-6.150000000000e+000, 5.10050e-001
-6.137500000000e+000, 5.00000e-001
-6.125000000000e+000, 5.00000e-001
-6.112500000000e+000, 4.89950e-001
-6.100000000000e+000, 5.00000e-001
-6.087500000000e+000, 5.00000e-001
-6.075000000000e+000, 5.10050e-001
-6.062500000000e+000, 5.10050e-001
-6.050000000000e+000, 4.89950e-001
-6.037500000000e+000, 4.89950e-001
-6.025000000000e+000, 5.00000e-001
-6.012500000000e+000, 5.00000e-001
-6.000000000000e+000, 5.00000e-001
-5.987500000000e+000, 5.00000e-001
-5.975000000000e+000, 4.89950e-001
-5.962500000000e+000, 5.00000e-001
-5.950000000000e+000, 4.89950e-001
-5.937500000000e+000, 5.00000e-001
-5.925000000000e+000, 4.89950e-001
-5.912500000000e+000, 4.89950e-001
-5.900000000000e+000, 4.79899e-001
-5.887500000000e+000, 4.89950e-001
-5.875000000000e+000, 4.89950e-001
-5.862500000000e+000, 5.00000e-001
-5.850000000000e+000, 5.00000e-001
-5.837500000000e+000, 4.89950e-001
-5.825000000000e+000, 4.89950e-001
-5.812500000000e+000, 4.79899e-001
-5.800000000000e+000, 4.89950e-001
-5.787500000000e+000, 5.00000e-001
-5.775000000000e+000, 4.89950e-001
-5.762500000000e+000, 4.89950e-001
-5.750000000000e+000, 4.89950e-001
-5.737500000000e+000, 4.79899e-001
-5.725000000000e+000, 4.69849e-001
-5.712500000000e+000, 4.89950e-001
-5.700000000000e+000, 4.69849e-001
-5.687500000000e+000, 4.79899e-001
-5.675000000000e+000, 4.89950e-001
-5.662500000000e+000, 4.79899e-001
-5.650000000000e+000, 4.79899e-001
-5.637500000000e+000, 4.69849e-001
-5.625000000000e+000, 4.89950e-001
-5.612500000000e+000, 4.89950e-001
-5.600000000000e+000, 4.79899e-001
-5.587500000000e+000, 4.89950e-001
-5.575000000000e+000, 4.79899e-001
-5.562500000000e+000, 4.79899e-001
-5.550000000000e+000, 4.79899e-001
-5.537500000000e+000, 4.59799e-001
-5.525000000000e+000, 4.79899e-001
-5.512500000000e+000, 4.69849e-001
-5.500000000000e+000, 4.79899e-001
-5.487500000000e+000, 4.69849e-001
-5.475000000000e+000, 4.69849e-001
-5.462500000000e+000, 4.79899e-001
-5.450000000000e+000, 4.69849e-001
-5.437500000000e+000, 4.79899e-001
-5.425000000000e+000, 4.79899e-001
-5.412500000000e+000, 4.69849e-001
-5.400000000000e+000, 4.59799e-001
-5.387500000000e+000, 4.69849e-001
-5.375000000000e+000, 4.69849e-001
-5.362500000000e+000, 4.59799e-001
-5.350000000000e+000, 4.79899e-001
-5.337500000000e+000, 4.69849e-001
-5.325000000000e+000, 4.69849e-001
-5.312500000000e+000, 4.69849e-001
-5.300000000000e+000, 4.69849e-001
-5.287500000000e+000, 4.59799e-001
-5.275000000000e+000, 4.69849e-001
-5.262500000000e+000, 4.59799e-001
-5.250000000000e+000, 4.59799e-001
-5.237500000000e+000, 4.49749e-001
-5.225000000000e+000, 4.59799e-001
-5.212500000000e+000, 4.59799e-001
-5.200000000000e+000, 4.59799e-001
-5.187500000000e+000, 4.59799e-001
-5.175000000000e+000, 4.59799e-001
-5.162500000000e+000, 4.69849e-001
-5.150000000000e+000, 4.59799e-001
-5.137500000000e+000, 4.49749e-001
-5.125000000000e+000, 4.59799e-001
-5.112500000000e+000, 4.59799e-001
-5.100000000000e+000, 4.59799e-001
-5.087500000000e+000, 4.59799e-001
-5.075000000000e+000, 4.59799e-001
-5.062500000000e+000, 4.59799e-001
-5.050000000000e+000, 4.59799e-001
-5.037500000000e+000, 4.49749e-001
-5.025000000000e+000, 4.49749e-001
-5.012500000000e+000, 4.49749e-001
-5.000000000000e+000, 4.49749e-001
-4.987500000000e+000, 4.49749e-001
-4.975000000000e+000, 4.59799e-001
-4.962500000000e+000, 4.49749e-001
-4.950000000000e+000, 4.59799e-001
-4.937500000000e+000, 4.49749e-001
-4.925000000000e+000, 4.39698e-001
-4.912500000000e+000, 4.39698e-001
-4.900000000000e+000, 4.39698e-001
-4.887500000000e+000, 4.39698e-001
-4.875000000000e+000, 4.49749e-001
-4.862500000000e+000, 4.39698e-001
-4.850000000000e+000, 4.49749e-001
-4.837500000000e+000, 4.49749e-001
-4.825000000000e+000, 4.39698e-001
-4.812500000000e+000, 4.39698e-001
-4.800000000000e+000, 4.39698e-001
-4.787500000000e+000, 4.39698e-001
-4.775000000000e+000, 4.49749e-001
-4.762500000000e+000, 4.39698e-001
-4.750000000000e+000, 4.49749e-001
-4.737500000000e+000, 4.39698e-001
-4.725000000000e+000, 4.39698e-001
-4.712500000000e+000, 4.39698e-001
-4.700000000000e+000, 4.39698e-001
-4.687500000000e+000, 4.39698e-001
-4.675000000000e+000, 4.29648e-001
-4.662500000000e+000, 4.29648e-001
-4.650000000000e+000, 4.29648e-001
-4.637500000000e+000, 4.39698e-001
-4.625000000000e+000, 4.39698e-001
-4.612500000000e+000, 4.39698e-001
-4.600000000000e+000, 4.39698e-001
-4.587500000000e+000, 4.29648e-001
-4.575000000000e+000, 4.39698e-001
-4.562500000000e+000, 4.29648e-001
-4.550000000000e+000, 4.19598e-001
-4.537500000000e+000, 4.39698e-001
-4.525000000000e+000, 4.29648e-001
-4.512500000000e+000, 4.39698e-001
-4.500000000000e+000, 4.19598e-001
-4.487500000000e+000, 4.29648e-001
-4.475000000000e+000, 4.29648e-001
-4.462500000000e+000, 4.19598e-001
-4.450000000000e+000, 4.19598e-001
-4.437500000000e+000, 4.29648e-001
-4.425000000000e+000, 4.19598e-001
-4.412500000000e+000, 4.19598e-001
-4.400000000000e+000, 4.29648e-001
-4.387500000000e+000, 4.19598e-001
-4.375000000000e+000, 4.19598e-001
-4.362500000000e+000, 4.29648e-001
-4.350000000000e+000, 4.29648e-001
-4.337500000000e+000, 4.19598e-001
-4.325000000000e+000, 4.09548e-001
-4.312500000000e+000, 4.19598e-001
-4.300000000000e+000, 4.09548e-001
-4.287500000000e+000, 4.09548e-001
-4.275000000000e+000, 4.19598e-001
-4.262500000000e+000, 4.19598e-001
-4.250000000000e+000, 4.19598e-001
-4.237500000000e+000, 4.19598e-001
-4.225000000000e+000, 4.09548e-001
-4.212500000000e+000, 4.09548e-001
-4.200000000000e+000, 4.09548e-001
-4.187500000000e+000, 4.19598e-001
-4.175000000000e+000, 4.09548e-001
-4.162500000000e+000, 4.09548e-001
-4.150000000000e+000, 4.19598e-001
-4.137500000000e+000, 4.09548e-001
-4.125000000000e+000, 4.09548e-001
-4.112500000000e+000, 4.09548e-001
-4.100000000000e+000, 3.99497e-001
-4.087500000000e+000, 3.89447e-001
-4.075000000000e+000, 4.09548e-001
-4.062500000000e+000, 3.99497e-001
-4.050000000000e+000, 4.09548e-001
-4.037500000000e+000, 3.99497e-001
-4.025000000000e+000, 4.09548e-001
-4.012500000000e+000, 4.09548e-001
-4.000000000000e+000, 3.99497e-001
-3.987500000000e+000, 3.99497e-001
-3.975000000000e+000, 3.99497e-001
-3.962500000000e+000, 4.09548e-001
-3.950000000000e+000, 4.09548e-001
-3.937500000000e+000, 3.99497e-001
-3.925000000000e+000, 4.09548e-001
-3.912500000000e+000, 3.89447e-001
-3.900000000000e+000, 3.99497e-001
-3.887500000000e+000, 3.99497e-001
-3.875000000000e+000, 3.99497e-001
-3.862500000000e+000, 3.99497e-001
-3.850000000000e+000, 3.99497e-001
-3.837500000000e+000, 3.89447e-001
-3.825000000000e+000, 3.99497e-001
-3.812500000000e+000, 3.89447e-001
-3.800000000000e+000, 3.89447e-001
-3.787500000000e+000, 3.99497e-001
-3.775000000000e+000, 3.89447e-001
-3.762500000000e+000, 3.89447e-001
-3.750000000000e+000, 3.99497e-001
-3.737500000000e+000, 3.89447e-001
-3.725000000000e+000, 3.89447e-001
-3.712500000000e+000, 3.99497e-001
-3.700000000000e+000, 3.79397e-001
-3.687500000000e+000, 3.89447e-001
-3.675000000000e+000, 3.99497e-001
-3.662500000000e+000, 3.79397e-001
-3.650000000000e+000, 3.89447e-001
-3.637500000000e+000, 3.79397e-001
-3.625000000000e+000, 3.89447e-001
-3.612500000000e+000, 3.89447e-001
-3.600000000000e+000, 3.79397e-001
-3.587500000000e+000, 3.79397e-001
-3.575000000000e+000, 3.79397e-001
-3.562500000000e+000, 3.89447e-001
-3.550000000000e+000, 3.89447e-001
-3.537500000000e+000, 3.79397e-001
-3.525000000000e+000, 3.89447e-001
-3.512500000000e+000, 3.79397e-001
-3.500000000000e+000, 3.89447e-001
-3.487500000000e+000, 3.79397e-001
-3.475000000000e+000, 3.79397e-001
-3.462500000000e+000, 3.69347e-001
-3.450000000000e+000, 3.89447e-001
-3.437500000000e+000, 3.89447e-001
-3.425000000000e+000, 3.79397e-001
-3.412500000000e+000, 3.79397e-001
-3.400000000000e+000, 3.69347e-001
-3.387500000000e+000, 3.59297e-001
-3.375000000000e+000, 3.69347e-001
-3.362500000000e+000, 3.69347e-001
-3.350000000000e+000, 3.79397e-001
-3.337500000000e+000, 3.69347e-001
-3.325000000000e+000, 3.69347e-001
-3.312500000000e+000, 3.69347e-001
-3.300000000000e+000, 3.69347e-001
-3.287500000000e+000, 3.69347e-001
-3.275000000000e+000, 3.59297e-001
-3.262500000000e+000, 3.69347e-001
-3.250000000000e+000, 3.69347e-001
-3.237500000000e+000, 3.59297e-001
-3.225000000000e+000, 3.59297e-001
-3.212500000000e+000, 3.59297e-001
-3.200000000000e+000, 3.59297e-001
-3.187500000000e+000, 3.79397e-001
-3.175000000000e+000, 3.69347e-001
-3.162500000000e+000, 3.69347e-001
-3.150000000000e+000, 3.59297e-001
-3.137500000000e+000, 3.59297e-001
-3.125000000000e+000, 3.49246e-001
-3.112500000000e+000, 3.69347e-001
-3.100000000000e+000, 3.69347e-001
-3.087500000000e+000, 3.69347e-001
-3.075000000000e+000, 3.69347e-001
-3.062500000000e+000, 3.49246e-001
-3.050000000000e+000, 3.59297e-001
-3.037500000000e+000, 3.59297e-001
-3.025000000000e+000, 3.59297e-001
-3.012500000000e+000, 3.69347e-001
-3.000000000000e+000, 3.59297e-001
-2.987500000000e+000, 3.69347e-001
-2.975000000000e+000, 3.59297e-001
-2.962500000000e+000, 3.69347e-001
-2.950000000000e+000, 3.69347e-001
-2.937500000000e+000, 3.59297e-001
-2.925000000000e+000, 3.59297e-001
-2.912500000000e+000, 3.59297e-001
-2.900000000000e+000, 3.59297e-001
-2.887500000000e+000, 3.59297e-001
-2.875000000000e+000, 3.59297e-001
-2.862500000000e+000, 3.59297e-001
-2.850000000000e+000, 3.69347e-001
-2.837500000000e+000, 3.59297e-001
-2.825000000000e+000, 3.69347e-001
-2.812500000000e+000, 3.69347e-001
-2.800000000000e+000, 3.69347e-001
-2.787500000000e+000, 3.69347e-001
-2.775000000000e+000, 3.59297e-001
-2.762500000000e+000, 3.79397e-001
-2.750000000000e+000, 3.59297e-001
-2.737500000000e+000, 3.59297e-001
-2.725000000000e+000, 3.69347e-001
-2.712500000000e+000, 3.59297e-001
-2.700000000000e+000, 3.49246e-001
-2.687500000000e+000, 3.59297e-001
-2.675000000000e+000, 3.59297e-001
-2.662500000000e+000, 3.59297e-001
-2.650000000000e+000, 3.69347e-001
-2.637500000000e+000, 3.59297e-001
-2.625000000000e+000, 3.59297e-001
-2.612500000000e+000, 3.69347e-001
-2.600000000000e+000, 3.69347e-001
-2.587500000000e+000, 3.59297e-001
-2.575000000000e+000, 3.49246e-001
-2.562500000000e+000, 3.59297e-001
-2.550000000000e+000, 3.69347e-001
-2.537500000000e+000, 3.69347e-001
-2.525000000000e+000, 3.59297e-001
-2.512500000000e+000, 3.69347e-001
-2.500000000000e+000, 3.69347e-001
-2.487500000000e+000, 3.59297e-001
-2.475000000000e+000, 3.49246e-001
-2.462500000000e+000, 3.69347e-001
-2.450000000000e+000, 3.59297e-001
-2.437500000000e+000, 3.69347e-001
-2.425000000000e+000, 3.59297e-001
-2.412500000000e+000, 3.69347e-001
-2.400000000000e+000, 3.59297e-001
-2.387500000000e+000, 3.59297e-001
-2.375000000000e+000, 3.69347e-001
-2.362500000000e+000, 3.59297e-001
-2.350000000000e+000, 3.59297e-001
-2.337500000000e+000, 3.59297e-001
-2.325000000000e+000, 3.69347e-001
-2.312500000000e+000, 3.69347e-001
-2.300000000000e+000, 3.59297e-001
-2.287500000000e+000, 3.69347e-001
-2.275000000000e+000, 3.69347e-001
-2.262500000000e+000, 3.69347e-001
-2.250000000000e+000, 3.69347e-001
-2.237500000000e+000, 3.59297e-001
-2.225000000000e+000, 3.59297e-001
-2.212500000000e+000, 3.59297e-001
-2.200000000000e+000, 3.69347e-001
-2.187500000000e+000, 3.59297e-001
-2.175000000000e+000, 3.69347e-001
-2.162500000000e+000, 3.59297e-001
-2.150000000000e+000, 3.69347e-001
-2.137500000000e+000, 3.49246e-001
-2.125000000000e+000, 3.69347e-001
-2.112500000000e+000, 3.69347e-001
-2.100000000000e+000, 3.69347e-001
-2.087500000000e+000, 3.69347e-001
-2.075000000000e+000, 3.59297e-001
-2.062500000000e+000, 3.69347e-001
-2.050000000000e+000, 3.69347e-001
-2.037500000000e+000, 3.69347e-001
-2.025000000000e+000, 3.69347e-001
-2.012500000000e+000, 3.59297e-001
-2.000000000000e+000, 3.69347e-001
-1.987500000000e+000, 3.59297e-001
-1.975000000000e+000, 3.59297e-001
-1.962500000000e+000, 3.59297e-001
-1.950000000000e+000, 3.59297e-001
-1.937500000000e+000, 3.49246e-001
-1.925000000000e+000, 3.59297e-001
-1.912500000000e+000, 3.69347e-001
-1.900000000000e+000, 3.69347e-001
-1.887500000000e+000, 3.59297e-001
-1.875000000000e+000, 3.69347e-001
-1.862500000000e+000, 3.59297e-001
-1.850000000000e+000, 3.59297e-001
-1.837500000000e+000, 3.69347e-001
-1.825000000000e+000, 3.59297e-001
-1.812500000000e+000, 3.69347e-001
-1.800000000000e+000, 3.69347e-001
-1.787500000000e+000, 3.59297e-001
-1.775000000000e+000, 3.69347e-001
-1.762500000000e+000, 3.69347e-001
-1.750000000000e+000, 3.69347e-001
-1.737500000000e+000, 3.59297e-001
-1.725000000000e+000, 3.69347e-001
-1.712500000000e+000, 3.59297e-001
-1.700000000000e+000, 3.59297e-001
-1.687500000000e+000, 3.59297e-001
-1.675000000000e+000, 3.59297e-001
-1.662500000000e+000, 3.59297e-001
-1.650000000000e+000, 3.59297e-001
-1.637500000000e+000, 3.59297e-001
-1.625000000000e+000, 3.69347e-001
-1.612500000000e+000, 3.69347e-001
-1.600000000000e+000, 3.69347e-001
-1.587500000000e+000, 3.69347e-001
-1.575000000000e+000, 3.69347e-001
-1.562500000000e+000, 3.69347e-001
-1.550000000000e+000, 3.69347e-001
-1.537500000000e+000, 3.69347e-001
-1.525000000000e+000, 3.59297e-001
-1.512500000000e+000, 3.69347e-001
-1.500000000000e+000, 3.59297e-001
-1.487500000000e+000, 3.69347e-001
-1.475000000000e+000, 3.69347e-001
-1.462500000000e+000, 3.59297e-001
-1.450000000000e+000, 3.59297e-001
-1.437500000000e+000, 3.69347e-001
-1.425000000000e+000, 3.59297e-001
-1.412500000000e+000, 3.49246e-001
-1.400000000000e+000, 3.59297e-001
-1.387500000000e+000, 3.59297e-001
-1.375000000000e+000, 3.69347e-001
-1.362500000000e+000, 3.69347e-001
-1.350000000000e+000, 3.59297e-001
-1.337500000000e+000, 3.59297e-001
-1.325000000000e+000, 3.69347e-001
-1.312500000000e+000, 3.59297e-001
-1.300000000000e+000, 3.59297e-001
-1.287500000000e+000, 3.59297e-001
-1.275000000000e+000, 3.69347e-001
-1.262500000000e+000, 3.59297e-001
-1.250000000000e+000, 3.59297e-001
-1.237500000000e+000, 3.69347e-001
-1.225000000000e+000, 3.59297e-001
-1.212500000000e+000, 3.59297e-001
-1.200000000000e+000, 3.69347e-001
-1.187500000000e+000, 3.59297e-001
-1.175000000000e+000, 3.59297e-001
-1.162500000000e+000, 3.79397e-001
-1.150000000000e+000, 3.59297e-001
-1.137500000000e+000, 3.59297e-001
-1.125000000000e+000, 3.69347e-001
-1.112500000000e+000, 3.59297e-001
-1.100000000000e+000, 3.69347e-001
-1.087500000000e+000, 3.69347e-001
-1.075000000000e+000, 3.59297e-001
-1.062500000000e+000, 3.59297e-001
-1.050000000000e+000, 3.69347e-001
-1.037500000000e+000, 3.59297e-001
-1.025000000000e+000, 3.79397e-001
-1.012500000000e+000, 3.59297e-001
-1.000000000000e+000, 3.59297e-001
-9.875000000000e-001, 3.69347e-001
-9.750000000000e-001, 3.59297e-001
-9.625000000000e-001, 3.59297e-001
-9.500000000000e-001, 3.59297e-001
-9.375000000000e-001, 3.69347e-001
-9.250000000000e-001, 3.59297e-001
-9.125000000000e-001, 3.49246e-001
-9.000000000000e-001, 3.59297e-001
-8.875000000000e-001, 3.69347e-001
-8.750000000000e-001, 3.59297e-001
-8.625000000000e-001, 3.69347e-001
-8.500000000000e-001, 3.59297e-001
-8.375000000000e-001, 3.59297e-001
-8.250000000000e-001, 3.79397e-001
-8.125000000000e-001, 3.59297e-001
-8.000000000000e-001, 3.59297e-001
-7.875000000000e-001, 3.59297e-001
-7.750000000000e-001, 3.59297e-001
-7.625000000000e-001, 3.49246e-001
-7.500000000000e-001, 3.59297e-001
-7.375000000000e-001, 3.69347e-001
-7.250000000000e-001, 3.69347e-001
-7.125000000000e-001, 3.59297e-001
-7.000000000000e-001, 3.69347e-001
-6.875000000000e-001, 3.69347e-001
-6.750000000000e-001, 3.69347e-001
-6.625000000000e-001, 3.59297e-001
-6.500000000000e-001, 3.69347e-001
-6.375000000000e-001, 3.79397e-001
-6.250000000000e-001, 3.79397e-001
-6.125000000000e-001, 3.99497e-001
-6.000000000000e-001, 3.89447e-001
-5.875000000000e-001, 4.09548e-001
-5.750000000000e-001, 4.29648e-001
-5.625000000000e-001, 4.29648e-001
-5.500000000000e-001, 4.19598e-001
-5.375000000000e-001, 4.49749e-001
-5.250000000000e-001, 4.39698e-001
-5.125000000000e-001, 4.59799e-001
-5.000000000000e-001, 4.59799e-001
-4.875000000000e-001, 4.69849e-001
-4.750000000000e-001, 4.69849e-001
-4.625000000000e-001, 4.89950e-001
-4.500000000000e-001, 4.89950e-001
-4.375000000000e-001, 5.10050e-001
-4.250000000000e-001, 4.89950e-001
-4.125000000000e-001, 5.10050e-001
-4.000000000000e-001, 5.20100e-001
-3.875000000000e-001, 5.10050e-001
-3.750000000000e-001, 5.30151e-001
-3.625000000000e-001, 5.30151e-001
-3.500000000000e-001, 5.40201e-001
-3.375000000000e-001, 5.40201e-001
-3.250000000000e-001, 5.60301e-001
-3.125000000000e-001, 5.60301e-001
-3.000000000000e-001, 5.70352e-001
-2.875000000000e-001, 5.90452e-001
-2.750000000000e-001, 5.90452e-001
-2.625000000000e-001, 5.90452e-001
-2.500000000000e-001, 5.90452e-001
-2.375000000000e-001, 5.90452e-001
-2.250000000000e-001, 6.20603e-001
-2.125000000000e-001, 6.10553e-001
-2.000000000000e-001, 6.30653e-001
-1.875000000000e-001, 6.20603e-001
-1.750000000000e-001, 6.30653e-001
-1.625000000000e-001, 6.50754e-001
-1.500000000000e-001, 6.50754e-001
-1.375000000000e-001, 6.70854e-001
-1.250000000000e-001, 6.80905e-001
-1.125000000000e-001, 6.70854e-001
-1.000000000000e-001, 6.80905e-001
-8.750000000000e-002, 6.90955e-001
-7.500000000000e-002, 7.01005e-001
-6.250000000000e-002, 7.01005e-001
-5.000000000000e-002, 7.01005e-001
-3.750000000000e-002, 7.21106e-001
-2.500000000000e-002, 7.21106e-001
-1.250000000000e-002, 7.31156e-001